symptom_id,name_tr,name_en,category,domain,observable,operator_reported,candidate_dtcs_count,candidate_dtcs,authority
crank-no-start,Marş basıyor fakat motor çalışmıyor,Engine cranks but fails to start,Ateşleme & Marş Sistemi,ALL,1,1,5,P0335;P0627;P0562;SPN 100;SPN 636,SAE J2012 / ISO 14229
black-smoke,Egzozdan yoğun siyah duman atma,Heavy black exhaust smoke,Hava Emiş & Turbo Sistemi,ALL,1,1,5,P0101;P0299;P0401;SPN 102;SPN 27,SAE J2012 / SAE J1939
engine-overheating,Motor hararet yapması ve antifriz kaynatma,Engine coolant overheating / boiling,Soğutma Sistemi,ALL,1,1,4,P0217;P0117;P0128;SPN 110,SAE J2012 / SAE J1939
rough-idle-vibration,"Rölantide sarsıntı, dalgalanma ve silkeleme","Rough idle, engine shudder and vibration",Ateşleme Sistemi (Buji/Bobin),ALL,1,1,4,P0300;P0171;P0505;SPN 651,SAE J2012 / ISO 14229
low-oil-pressure,Düşük motor yağ basıncı ikazı,Low oil pressure warning lamp illuminated,Motor Yağlama Sistemi,ALL,1,1,3,P0521;P0524;SPN 100,SOLAS II-1/52 / SAE J1939
marine-lanyard-kill,Tekne acil durdurma emniyet mandalı (Lanyard) kesintisi,Marine safety lanyard kill switch activated,Deniz Emniyet & Ateşleme Kilidi,MARINE,1,1,2,U0100;P0606,IMO A.1021(26) / USCG 33 CFR 183.520
dpf-regeneration-failed,Dizel Partikül Filtresi (DPF) tıkanması ve rejenerasyon iptali,Diesel Particulate Filter (DPF) regeneration failure / clogging,Egzoz Emisyon & DPF Sistemi,HEAVY_DUTY,1,1,4,P2002;P2463;P2452;SPN 3251,SAE J1939 / EPA Tier 4
def-scr-adblue-warning,AdBlue / DEF seviye ve dozaj arızası (Motor kısıtlama),DEF / AdBlue dosing error or low level inducement,SCR & AdBlue Dozaj Sistemi,HEAVY_DUTY,1,1,5,P20EE;P204F;SPN 1761;SPN 3364;SPN 4364,SAE J1939-73 / EPA HD-OBD
transmission-slip-limp,"Şanzıman kaydırması, sert vites geçişi veya koruma modu","Transmission slip, harsh shifting, or limp home mode",Otomatik Şanzıman / TCU,ALL,1,1,4,P0700;P0730;P0750;SPN 524,SAE J2012 / ISO 14229
abs-esp-traction-fault,ABS / ESP ikaz ışıkları ve frenleme kararsızlığı,ABS / ESP / Traction Control warning light and pedal pulse,Fren Sistemi & ABS/ESP,ALL,1,1,4,C0035;C0040;U0121;SPN 563,ECE R13-H / FMVSS 126
turbo-underboost-power-loss,Turbo basınç düşüklüğü ve ani çekiş kaybı (Underboost),Turbo underboost and sudden engine power loss,Aşırı Doldurma & Turbo Şarj,ALL,1,1,3,P0299;P2263;SPN 102,SAE J2012 / SAE J1939
turbo-overboost,Turbo aşırı basınç üretimi ve motor kesme (Overboost),Turbo overboost and high manifold pressure cutout,Aşırı Doldurma & Turbo Şarj,ALL,1,1,2,P0234;SPN 102,SAE J2012 / SAE J1939
battery-drain-parasitic,Akü parazit kaçak akımı ve sabah akü boşalması,Parasitic battery drain and dead battery overnight,Akü & Şarj Sistemi,ALL,1,1,3,P0562;U0140;SPN 168,DIN 40729 / SAE J537
can-bus-communication-loss,CAN-Bus iletişim hattı kopukluğu ve modül yanıt vermemesi,CAN bus network timeout and communication loss,CAN Bus & Ağ İletişimi,ALL,1,1,4,U0100;U0121;U0001;SPN 639,ISO 11898-2 / SAE J1939-11
fuel-rail-pressure-drop,Yüksek basınç yakıt hattı (Common Rail) basınç çökmesi,Common rail fuel pressure drop under acceleration,Yakıt Besleme & Enjeksiyon,ALL,1,1,3,P0087;P0088;SPN 157,SAE J2012 / SAE J1939
glow-plug-cold-start,Kızdırma bujisi arızası ve soğuk havalarda zor çalışma,Diesel glow plug open circuit and cold start struggle,Dizel Ön Isıtma Sistemi,ALL,1,1,3,P0380;P0670;SPN 677,SAE J2012 / SAE J1939
ebs-air-brake-leak,Ağır vasıta havalı fren hava kaçağı ve basınç düşüşü,Commercial vehicle air brake pressure leak / drop,Pnömatik Fren Sistemi (EBS),HEAVY_DUTY,1,1,2,SPN 1087;SPN 1088,ECE R13 / SAE J1939
marine-raw-water-cooling,Deniz motoru ham su akış kesintisi ve impeller arızası,Marine engine raw water cooling loss / impeller damage,Deniz Motoru Soğutma Sistemi,MARINE,1,1,2,P0217;SPN 110,IMO SOLAS II-1/51.1.1 / ABYC P-4
ev-hv-isolation-warning,Elektrikli araç yüksek gerilim (HV) izolasyon hatası,High Voltage isolation degradation / HVIL loop break,Yüksek Gerilim Güvenlik Sistemi,EV_HV,1,1,3,P0AA6;P0A0A;P0A0D,UN R100 / ISO 6469-3
marine-pump-cavitation,Deniz soğutma pompası kavitasyonu (%60-85 yük altında),Cooling pump cavitation under 60-85% engine load,Deniz Soğutma & Pompalar,MARINE,1,1,3,P0217;SPN 110;SPN 109,Zenodo 10.5281/zenodo.19857425 / SOLAS II-1/51.1.1
marine-intercooler-fouling,Şarj havası soğutucu (İntercooler) kirlenmesi ve tam yükte boost kaybı,Charge air intercooler fouling with boost loss at full load,Deniz Turbo & Şarj Havası,MARINE,1,1,4,P0299;P0127;SPN 102;SPN 105,Zenodo 10.5281/zenodo.19857425
marine-compressor-clogging,Turbo kompresör emiş filtresi tıkanması (Tam yükte kısıtlama),Turbo compressor intake filter clogging at full engine load,Deniz Turbo & Şarj Havası,MARINE,1,1,4,P0101;P0299;SPN 102;SPN 107,Zenodo 10.5281/zenodo.19857425
marine-injector-nozzle-clogging,Deniz enjektör memesi tıkanması ve silindirler arası EGT yayılımı,Marine fuel injector nozzle hole clogging with EGT spread,Deniz Yakıt Enjeksiyon,MARINE,1,1,4,P0300;P0201;SPN 651;SPN 174,Zenodo 10.5281/zenodo.19857425
marine-turbo-degradation,Turboşarj rulman aşınması veya wastegate mekanik bozulması,Turbocharger bearing wear or wastegate degradation,Deniz Turbo & Şarj Havası,MARINE,1,1,3,P0299;P0234;SPN 102,Zenodo 10.5281/zenodo.19857425
marine-propeller-slip,Pervane kayması (Slip artışı) ve kanat kirliliği/eğikliği,Excessive propeller slip due to fouling or blade damage,Deniz Sevk & Pervane,MARINE,1,1,2,U0100;SPN 524,SOLAS II-1/31.2.8 / Zenodo 21965154
marine-rudder-angle-error,Dümen açısı emir/konum uyumsuzluğu ve hidrolik kaçak,Rudder angle command vs actual position discrepancy,Deniz Dümen & Otopilot,MARINE,1,1,2,U0100;SPN 524,IMO SOLAS II-1/29 / IMO Res A.1021(26)
marine-bilge-rising-fast,Sintine su seviyesinin kritik hızda yükselmesi,Rapid bilge water level rise rate warning,Deniz Sintine & Güvenlik,MARINE,1,1,1,U0100,IMO SOLAS II-1/48 / IMO Res A.1021(26)
marine-heat-exchanger-fouling,Deniz tatlı su / ham su ısı eşleyici boru kireçlenmesi,Marine fresh/raw water heat exchanger tube scale fouling,Deniz Motoru Soğutma Sistemi,MARINE,1,1,2,P0217;SPN 110,FSS Code 9.1.14 / SOLAS II-1/51.1.1
marine-desalination-filter-clog,Tekne su yapıcı (Watermaker) ön filtre basınç tıkanması,Marine watermaker (RO) pre-filter differential pressure high,Deniz Yardımcı Sistemler,MARINE,1,1,1,U0100,NMEA 2000 PGN 130567
marine-exhaust-elbow-clogged,Deniz ıslak egzoz karışım dirseği kurum ve korozyon tıkanıklığı,Marine wet exhaust mixing elbow carbon/corrosion restriction,Deniz Egzoz Sistemi,MARINE,1,1,2,P0217;SPN 110,ABYC P-1 / ABYC P-4
marine-generator-hunting,Deniz jeneratörü devir dalgalanması (Hunting) ve frekans kararsızlığı,Marine diesel generator governor speed hunting / unstable frequency,Deniz Elektrik & Jeneratör,MARINE,1,1,2,SPN 168;SPN 636,SOLAS II-1/41 / IEEE 45
marine-shore-power-reverse-polarity,Sahil besleme ters polarite (Faz-Nötr ters) veya toprak kaçağı,Marine shore power AC reverse polarity or earth leakage,Deniz Elektrik & Sahil Besleme,MARINE,1,1,1,U0100,ABYC E-11 / ISO 13297
marine-fuel-polishing-water-detected,Deniz yakıt separatörü su tutucu hazne alarmı,Marine fuel separator water-in-fuel bowl alarm,Deniz Yakıt Sistemi,MARINE,1,1,1,SPN 97,ABYC H-33 / ISO 10088
marine-hydraulic-steering-air-ingress,Deniz hidrolik dümen sistemine hava girmesi ve boşta dönme,Marine hydraulic steering helm pump air ingress / spongy wheel,Deniz Dümen & Otopilot,MARINE,1,1,1,U0100,ABYC P-21 / ISO 10592
ev-hvil-circuit-open,Yüksek Gerilim Kilitleme Döngüsü (HVIL) kesintisi,High Voltage Interlock Loop (HVIL) circuit open / broken,Yüksek Gerilim Güvenlik Sistemi,EV_HV,1,1,3,P0A0A;P0A0B;P0A0D,UN R100 Rev 3 §5.1.1 / ISO 6469-3
ev-contactor-welded,Ana DC kontaktörünün yapışması (Kaynak olması / Açılmaması),Main DC contactor welded / stuck closed failure,Batarya Yönetim Sistemi (BMS),EV_HV,1,1,3,P0AA1;P0AA2;P0AA4,UN R100 / VW e-Golf BMS_Monitoring
ev-battery-cell-imbalance,Batarya hücre voltaj dengesizliği (Cell Delta > 100 mV),HV battery cell voltage delta imbalance exceeding limit,Batarya Yönetim Sistemi (BMS),EV_HV,1,1,2,P0A80;P0B24,SAE J1798 / ISO 12405-4
ev-thermal-runaway-early-warning,Batarya termal kaçak (Thermal Runaway) 5 dakika erken uyarısı,HV battery thermal runaway early warning (5-minute rule),Yüksek Gerilim Güvenlik Sistemi,EV_HV,1,1,2,P0A7E;P0A93,UN R100 Rev 3 §5.1.3 (5-minute egress warning)
ev-charging-interlock-fault,Şarj portu kilit veya Pilot sinyal hatası (Araç şarj olmuyor),EV charging port Proximity Pilot (PP) / Control Pilot (CP) error,Şarj Sistemi & Port Kilidi,EV_HV,1,1,3,P0D56;P0D57;P0D58,IEC 61851-1 / SAE J1772 / GB/T 27930
ev-inverter-resolver-offset,Elektrik motoru rezelver açı kalibrasyon kayması ve tork kaybı,Traction motor resolver angle offset calibration drift,İnvertör & Çekiş Motoru,EV_HV,1,1,3,P0A3F;P0A40;P0A41,ISO 26262 ASIL-D / SAE J1798
ev-dc-dc-converter-failure,HV/12V DC-DC dönüştürücü arızası ve 12V akü boşalması,HV to 12V DC-DC converter output voltage loss / low 12V bus,Yardımcı Güç Dönüşümü (DC-DC),EV_HV,1,1,2,P0A08;P0A09,ISO 6469-2 / UN R100
ev-precharge-circuit-timeout,BMS ön şarj (Precharge) devresi zaman aşımı veya direnç aşırı ısınması,BMS precharge circuit timeout or precharge resistor overheating,Batarya Yönetim Sistemi (BMS),EV_HV,1,1,2,P0AE1;P0AE2,UN R100 / ISO 6469-3
ev-regen-braking-restricted,Rejeneratif frenleme kısıtlaması (Geri kazanım çalışmıyor),Regenerative braking heavily restricted or completely disabled,Fren & Tork Yönetimi,EV_HV,1,1,2,P0A1F;C1A00,ECE R13-H Annex 8 / UN R100
hd-pneumatic-compressor-unloader-leak,Hava kompresörü boşaltma valfi kaçağı ve geç hava dolumu,Air brake compressor unloader valve leaking / slow tank fill,Pnömatik Fren & Hava Besleme,HEAVY_DUTY,1,1,2,SPN 1087;SPN 1088,SAE J1939 / ECE R13
hd-air-dryer-purge-valve-stuck,Hava kurutucu tahliye valfinin açık kalarak sürekli hava kaçırması,Air dryer purge valve stuck open venting continuously,Pnömatik Fren & Hava Besleme,HEAVY_DUTY,1,1,2,SPN 1087;SPN 1088,ECE R13 / FMVSS 121
hd-wet-tank-water-accumulation,Birincil ıslak hava tankında aşırı su ve balçık birikimi,Water and sludge accumulation in primary wet air tank,Pnömatik Fren & Hava Besleme,HEAVY_DUTY,1,1,1,SPN 1087,ECE R13 Annex 7
hd-retarder-overheating,Hidrodinamik retarder aşırı ısınması ve tork kısıtlaması,Hydrodynamic retarder coolant overheating and torque derate,İkincil Fren Sistemi (Retarder),HEAVY_DUTY,1,1,2,SPN 571;SPN 572,ECE R13 Annex 5 / SAE J1939-71
hd-spring-brake-drag,İmdat (Bahar) fren körüğünün sıkışması ve balata sürtmesi,Spring brake actuator dragging / parking brake not fully releasing,Pnömatik Fren & Körükler,HEAVY_DUTY,1,1,2,SPN 563;SPN 1087,FMVSS 121 / ECE R13
hd-trailer-plc-communication-lost,Çekici-Dorse arası ISO 11992 / PLC iletişim kesintisi,Tractor-trailer ISO 11992 / PLC communication lost,CAN Bus & Ağ İletişimi,HEAVY_DUTY,1,1,3,SPN 639;SPN 1088;U0129,ISO 11992-2 / SAE J1939-15
hd-scr-dosing-valve-clogged,SCR üre dozaj enjektöründe kristalleşme ve tıkanma,SCR urea dosing valve crystallized and clogged,SCR & AdBlue Dozaj Sistemi,HEAVY_DUTY,1,1,3,SPN 3364;SPN 4364;P204F,SAE J1939-73 / EPA Tier 4 Final
hd-vgt-actuator-stuck,Değişken geometrili turbo (VGT) aktüatörünün sıkışması,Variable Geometry Turbo (VGT) actuator mechanical stuck,Aşırı Doldurma & Turbo Şarj,HEAVY_DUTY,1,1,3,SPN 641;SPN 102;P2263,SAE J1939-71
hd-crankcase-pressure-high,Aşırı karter havalandırma kompresyon kaçağı (Blow-by),Excessive crankcase blow-by pressure and oil cap venting,Motor Mekanik & Havalandırma,HEAVY_DUTY,1,1,1,SPN 101,SAE J1939-71
hd-fuel-in-oil-dilution,Motor yağ seviyesinin yükselmesi (Yağa mazot karışması),Diesel engine oil level rising due to fuel dilution,Motor Yağlama Sistemi,HEAVY_DUTY,1,1,2,P0524;SPN 100,SAE J1939 / TMC RP 358
hd-engine-derate-inducement,Ağır vasıta motor torku ve azami hız kısıtlama cezası (Derate),Heavy duty engine torque and speed derate inducement active,Emisyon Ceza Yönetimi,HEAVY_DUTY,1,1,2,SPN 5246;SPN 3364,SAE J1939-73 / EPA HD-OBD
misfire-cylinder-1,1. Silindirde ateşleme/yanma teklemesi,Cylinder 1 specific misfire detected,Ateşleme Sistemi (Buji/Bobin),PASSENGER,1,1,1,P0301,SAE J2012 / ISO 14229
misfire-cylinder-2,2. Silindirde ateşleme/yanma teklemesi,Cylinder 2 specific misfire detected,Ateşleme Sistemi (Buji/Bobin),PASSENGER,1,1,1,P0302,SAE J2012 / ISO 14229
misfire-cylinder-3,3. Silindirde ateşleme/yanma teklemesi,Cylinder 3 specific misfire detected,Ateşleme Sistemi (Buji/Bobin),PASSENGER,1,1,1,P0303,SAE J2012 / ISO 14229
misfire-cylinder-4,4. Silindirde ateşleme/yanma teklemesi,Cylinder 4 specific misfire detected,Ateşleme Sistemi (Buji/Bobin),PASSENGER,1,1,1,P0304,SAE J2012 / ISO 14229
misfire-cylinder-5,5. Silindirde ateşleme/yanma teklemesi,Cylinder 5 specific misfire detected,Ateşleme Sistemi (Buji/Bobin),PASSENGER,1,1,1,P0305,SAE J2012 / ISO 14229
misfire-cylinder-6,6. Silindirde ateşleme/yanma teklemesi,Cylinder 6 specific misfire detected,Ateşleme Sistemi (Buji/Bobin),PASSENGER,1,1,1,P0306,SAE J2012 / ISO 14229
misfire-cylinder-7,7. Silindirde ateşleme/yanma teklemesi,Cylinder 7 specific misfire detected,Ateşleme Sistemi (Buji/Bobin),PASSENGER,1,1,1,P0307,SAE J2012 / ISO 14229
misfire-cylinder-8,8. Silindirde ateşleme/yanma teklemesi,Cylinder 8 specific misfire detected,Ateşleme Sistemi (Buji/Bobin),PASSENGER,1,1,1,P0308,SAE J2012 / ISO 14229
misfire-cylinder-9,9. Silindirde ateşleme/yanma teklemesi,Cylinder 9 specific misfire detected,Ateşleme Sistemi (Buji/Bobin),PASSENGER,1,1,1,P0309,SAE J2012 / ISO 14229
misfire-cylinder-10,10. Silindirde ateşleme/yanma teklemesi,Cylinder 10 specific misfire detected,Ateşleme Sistemi (Buji/Bobin),PASSENGER,1,1,1,P0310,SAE J2012 / ISO 14229
misfire-random-multiple,Rastgele ve çoklu silindir teklemesi,Random / multiple cylinder misfire detected,Ateşleme & Yakıt Karışımı,ALL,1,1,1,P0300,SAE J2012 / ISO 14229
lean-condition-bank1,Yakıt karışımı aşırı fakir (Sıra 1 - Bank 1),Fuel system too lean (Bank 1),Yakıt & Hava Ölçümü,ALL,1,1,1,P0171,SAE J2012 / CARB OBD-II
rich-condition-bank1,Yakıt karışımı aşırı zengin (Sıra 1 - Bank 1),Fuel system too rich (Bank 1),Yakıt & Hava Ölçümü,ALL,1,1,1,P0172,SAE J2012 / CARB OBD-II
lean-condition-bank2,Yakıt karışımı aşırı fakir (Sıra 2 - Bank 2),Fuel system too lean (Bank 2),Yakıt & Hava Ölçümü,PASSENGER,1,1,1,P0174,SAE J2012 / CARB OBD-II
rich-condition-bank2,Yakıt karışımı aşırı zengin (Sıra 2 - Bank 2),Fuel system too rich (Bank 2),Yakıt & Hava Ölçümü,PASSENGER,1,1,1,P0175,SAE J2012 / CARB OBD-II
fuel-pressure-high-rail,Yakıt hattı (Rail) aşırı basıncı ve regülatör sıkışması,Fuel rail pressure excessive / regulator stuck closed,Yakıt Besleme & Enjeksiyon,ALL,1,1,2,P0088;SPN 157,SAE J2012 / SAE J1939
maf-sensor-range-performance,Hava akış ölçer (MAF) sensörü aralık/performans uyumsuzluğu,Mass Air Flow (MAF) sensor circuit range / performance,Hava Emiş & Ölçüm,ALL,1,1,2,P0101;P0102,SAE J2012 / ISO 14229
map-sensor-rationality,Manifold mutlak basınç (MAP) sensörü mantıksallık hatası,Manifold Absolute Pressure (MAP) sensor rationality error,Hava Emiş & Ölçüm,ALL,1,1,3,P0106;P0107;P0108,SAE J2012 / ISO 14229
throttle-position-discrepancy,Elektronik gaz kelebeği potansiyometre (TPS 1/2) sinyal uyumsuzluğu,Electronic Throttle Body (ETB) TPS 1 and 2 correlation mismatch,Hava Emiş & Gaz Kelebeği,ALL,1,1,2,P0121;P2135,SAE J2012 / ISO 26262 ASIL-B
iat-sensor-circuit-high,Emilen hava sıcaklık (IAT) sensörü devre açık / aşırı soğuk okuma,Intake Air Temperature (IAT) sensor circuit high voltage / open,Hava Emiş & Ölçüm,ALL,0,1,2,P0112;P0113,SAE J2012 / ISO 14229
cam-crank-correlation-fault,Eksantrik ve krank mili konum açı korelasyon hatası (Triger uzaması),Camshaft position to crankshaft position correlation error,Motor Mekanik & Supap Zamanlaması,ALL,1,1,2,P0016;P0017,SAE J2012 / ISO 14229
vvt-solenoid-sluggish,Değişken supap zamanlama (VVT) selonoidinin takılması / gecikmesi,Variable Valve Timing (VVT) solenoid response slow or stuck,Motor Mekanik & Supap Zamanlaması,PASSENGER,1,1,3,P0011;P0012;P0014,SAE J2012 / ISO 14229
crank-sensor-signal-missing,Krank mili devir sensörü sinyal kesintisi ve stop etme,Crankshaft position sensor signal missing or intermittent loss,Motor Mekanik & Ateşleme,ALL,1,1,3,P0335;P0336;SPN 636,SAE J2012 / ISO 14229
knock-sensor-circuit-fault,Vuruntu sensörü devresi hatası ve ateşleme avans kısıtlaması,Knock sensor circuit range or false detonation detection,Motor Mekanik & Ateşleme,ALL,0,1,2,P0325;P0328,SAE J2012 / ISO 14229
coolant-thermostat-stuck-open,Termostatın açık takılı kalması ve motorun geç ısınması,Coolant thermostat stuck open / slow engine warmup,Soğutma Sistemi,ALL,1,1,1,P0128,SAE J2012 / CARB OBD-II
coolant-fan-control-circuit,Radyatör soğutma fanı kontrol devre arızası (Fan açmıyor),Engine cooling fan control circuit malfunction / fan inoperative,Soğutma Sistemi,ALL,1,1,3,P0480;P0481;P0482,SAE J2012 / ISO 14229
engine-oil-temperature-high,Motor yağ sıcaklığı aşırı yüksek ve yağ soğutucu tıkanması,Engine oil temperature excessively high / oil cooler clogged,Motor Yağlama Sistemi,ALL,1,1,3,P0196;P0198;SPN 175,SAE J2012 / SAE J1939
catalyst-efficiency-below-threshold-bank1,Katalitik konvertör verimi eşik değerin altında (Sıra 1),Catalyst system efficiency below threshold (Bank 1),Egzoz Emisyon & Katalizör,ALL,0,1,1,P0420,SAE J2012 / EPA OBD-II
catalyst-efficiency-below-threshold-bank2,Katalitik konvertör verimi eşik değerin altında (Sıra 2),Catalyst system efficiency below threshold (Bank 2),Egzoz Emisyon & Katalizör,PASSENGER,0,1,1,P0430,SAE J2012 / EPA OBD-II
evap-gross-leak-detected,EVAP yakıt buharı geri kazanım sisteminde büyük kaçak,EVAP control system large / gross leak detected,EVAP Emisyon Sistemi,ALL,1,1,2,P0455;P0440,SAE J2012 / EPA OBD-II
evap-purge-valve-stuck-open,EVAP tahliye valfi açık takılı kalması (Yakıt aldıktan sonra zor çalışma),EVAP canister purge valve stuck open causing hard start after fueling,EVAP Emisyon Sistemi,ALL,1,1,2,P0444;P0496,SAE J2012 / ISO 14229
o2-sensor-heater-circuit-bank1-sensor1,O2 sensörü ısıtıcı devre arızası (Sıra 1 Sensör 1 - Ön Lambda),O2 sensor heater circuit open (Bank 1 Sensor 1),Egzoz Emisyon & O2 Sensörü,ALL,0,1,1,P0135,SAE J2012 / CARB OBD-II
o2-sensor-heater-circuit-bank1-sensor2,Arka O2 sensörü ısıtıcı devre arızası (Sıra 1 Sensör 2),O2 sensor heater circuit open (Bank 1 Sensor 2 - Rear Lambda),Egzoz Emisyon & O2 Sensörü,ALL,0,1,1,P0141,SAE J2012 / CARB OBD-II
egr-valve-stuck-open,EGR valfinin açık sıkışması (Rölantide sarsıntı ve hemen stop etme),EGR valve mechanically stuck open causing rough idle and stalling,Egzoz Gazı Devridaimi (EGR),ALL,1,1,2,P0400;P0404,SAE J2012 / ISO 14229
egr-flow-insufficient,EGR akışı yetersiz (EGR borusu ve soğutucusunun kurumla tıkanması),EGR flow insufficient / cooler and pipe clogged with carbon,Egzoz Gazı Devridaimi (EGR),ALL,0,1,1,P0401,SAE J2012 / CARB OBD-II
torque-converter-clutch-stuck-off,Tork konvertör kilidi (TCC) devreye girmemesi ve otoyolda yüksek devir,Torque converter clutch (TCC) stuck off / slip high at highway speed,Otomatik Şanzıman / TCU,ALL,1,1,2,P0740;P0741,SAE J2012 / ISO 14229
torque-converter-clutch-stuck-on,Tork konvertör kilidinin takılı kalması (Dururken debriyaja basmamış gibi stop etme),Torque converter clutch (TCC) stuck on / engine stalls when stopping,Otomatik Şanzıman / TCU,ALL,1,1,1,P0742,SAE J2012 / ISO 14229
transmission-shift-solenoid-a-electrical,Vites değiştirme selonoidi A devre arızası (1. veya 2. vitese geçmeme),Shift solenoid A electrical circuit malfunction / open,Otomatik Şanzıman / TCU,ALL,1,1,2,P0750;P0753,SAE J2012 / ISO 14229
transmission-fluid-temperature-high,Şanzıman yağı aşırı ısınması ve koruma modu,Transmission fluid temperature excessive / cooler restriction,Otomatik Şanzıman / TCU,ALL,1,1,2,P0218;P0711,SAE J2012 / ISO 14229
transfer-case-4wd-shift-fault,4x4 Arazi şanzımanı (Transfer Case) motoru sıkışması veya konum hatası,Four Wheel Drive (4WD) transfer case actuator stuck or position switch fault,4WD & Diferansiyel Kilidi,ALL,1,1,2,C0300;C0327,SAE J2012 / ISO 14229
wheel-speed-sensor-missing-fl,Sol ön tekerlek hız sensörü sinyal kaybı / kesintisi,Wheel speed sensor front-left circuit open or erratic,Fren Sistemi & ABS/ESP,ALL,1,1,2,C0035;SPN 563,ECE R13-H / FMVSS 126
abs-hydraulic-pump-motor-circuit,ABS hidrolik geri dönüş pompa motoru devre arızası / kilitlenmesi,ABS hydraulic pump motor circuit open or seized,Fren Sistemi & ABS/ESP,ALL,1,1,1,C0110,ECE R13-H / ISO 26262 ASIL-D
steering-angle-sensor-uncalibrated,Direksiyon açı sensörü (SAS) kalibrasyon kaybı veya mantıksallık hatası,Steering Angle Sensor (SAS) plausibility or missing calibration,Fren Sistemi & ABS/ESP,ALL,1,1,2,C0051;U0126,FMVSS 126 / ECE R13-H
yaw-rate-sensor-rationality,Yanal ivme ve savrulma (Yaw Rate) sensörü mantıksallık uyumsuzluğu,Yaw rate / lateral acceleration sensor rationality mismatch,Fren Sistemi & ABS/ESP,ALL,1,1,2,C0131;C0196,FMVSS 126 / ISO 26262 ASIL-D
electronic-parking-brake-stuck,Elektronik park freni (EPB) kaliper motoru sıkışması / açmaması,Electronic Parking Brake (EPB) actuator jammed or circuit open,Elektronik Park Freni (EPB),ALL,1,1,2,C0293;C0550,ECE R13-H / FMVSS 135
air-suspension-compressor-timeout,Havalı süspansiyon kompresör çalışma zaman aşımı ve körük kaçağı,Air suspension compressor thermal timeout / air spring leak,Pnömatik Süspansiyon (Airmatic),ALL,1,1,2,C1555;C1564,ISO 26262 ASIL-B
airbag-squib-resistance-high-driver,Sürücü hava yastığı 1. kademe ateşleyici devre direnci yüksek (Zemberek kopuk),Driver airbag stage 1 squib circuit resistance high (Clockspring break),Pasif Güvenlik (SRS Airbag),ALL,0,1,1,B0001,FMVSS 208 / ECE R94
alternator-overcharging,Alternatör aşırı şarj üretimi (Voltaj 15.5V üzerinde / Akü kaynatma),Alternator overcharging battery voltage exceeding 15.5V,Akü & Şarj Sistemi,ALL,1,1,2,P0563;SPN 168,SAE J537 / ISO 16750-2
starter-relay-circuit-open,Marş motoru rölesi kumanda devresi açık / tık sesi dahi yok,Starter motor relay control circuit open / no crank click,Ateşleme & Marş Sistemi,ALL,1,1,3,P0615;P0616;P0617,SAE J2012 / ISO 14229
ac-refrigerant-pressure-low,Klima gaz basıncı düşüklüğü ve kompresör kavramama (Klima soğutmuyor),Air Conditioning refrigerant pressure low / compressor cut-off,Klima & İklimlendirme (HVAC),ALL,1,1,2,P0532;P0533,SAE J639 / MAC Directive
hvac-blend-door-actuator-stuck,Klima klape (Blend Door) motoru dişli kırılması / tek taraflı sıcak-soğuk üfleme,HVAC temperature blend door actuator stuck (blowing only hot or cold),Klima & İklimlendirme (HVAC),ALL,1,1,2,B0413;B0423,SAE J2012 / ISO 14229
immobilizer-key-transponder-missing,İmmobilizer anahtar çipini tanımama (Motor 2 saniye çalışıp hemen stop ediyor),Immobilizer key transponder not recognized / engine starts and dies in 2s,Güvenlik & Hırsızlık Önleme,ALL,1,1,3,B1000;P1610;U0426,ECE R116 / ISO 14229
injector-circuit-cylinder-1,1. Silindir yakıt enjektörü devre arızası (Kopukluk/Kısa devre),Fuel injector cylinder 1 circuit malfunction / open / short,Yakıt Enjeksiyon Sistemi,ALL,1,1,1,P0201,SAE J2012 / ISO 14229
injector-circuit-cylinder-2,2. Silindir yakıt enjektörü devre arızası (Kopukluk/Kısa devre),Fuel injector cylinder 2 circuit malfunction / open / short,Yakıt Enjeksiyon Sistemi,ALL,1,1,1,P0202,SAE J2012 / ISO 14229
injector-circuit-cylinder-3,3. Silindir yakıt enjektörü devre arızası (Kopukluk/Kısa devre),Fuel injector cylinder 3 circuit malfunction / open / short,Yakıt Enjeksiyon Sistemi,ALL,1,1,1,P0203,SAE J2012 / ISO 14229
injector-circuit-cylinder-4,4. Silindir yakıt enjektörü devre arızası (Kopukluk/Kısa devre),Fuel injector cylinder 4 circuit malfunction / open / short,Yakıt Enjeksiyon Sistemi,ALL,1,1,1,P0204,SAE J2012 / ISO 14229
injector-circuit-cylinder-5,5. Silindir yakıt enjektörü devre arızası (Kopukluk/Kısa devre),Fuel injector cylinder 5 circuit malfunction / open / short,Yakıt Enjeksiyon Sistemi,ALL,1,1,1,P0205,SAE J2012 / ISO 14229
injector-circuit-cylinder-6,6. Silindir yakıt enjektörü devre arızası (Kopukluk/Kısa devre),Fuel injector cylinder 6 circuit malfunction / open / short,Yakıt Enjeksiyon Sistemi,ALL,1,1,1,P0206,SAE J2012 / ISO 14229
injector-circuit-cylinder-7,7. Silindir yakıt enjektörü devre arızası (Kopukluk/Kısa devre),Fuel injector cylinder 7 circuit malfunction / open / short,Yakıt Enjeksiyon Sistemi,ALL,1,1,1,P0207,SAE J2012 / ISO 14229
injector-circuit-cylinder-8,8. Silindir yakıt enjektörü devre arızası (Kopukluk/Kısa devre),Fuel injector cylinder 8 circuit malfunction / open / short,Yakıt Enjeksiyon Sistemi,ALL,1,1,1,P0208,SAE J2012 / ISO 14229
ignition-coil-circuit-cylinder-1,1. Silindir ateşleme bobini primer/sekonder devre arızası,Ignition coil cylinder 1 primary/secondary circuit fault,Ateşleme Sistemi (Buji/Bobin),PASSENGER,1,1,1,P0351,SAE J2012 / ISO 14229
ignition-coil-circuit-cylinder-2,2. Silindir ateşleme bobini primer/sekonder devre arızası,Ignition coil cylinder 2 primary/secondary circuit fault,Ateşleme Sistemi (Buji/Bobin),PASSENGER,1,1,1,P0352,SAE J2012 / ISO 14229
ignition-coil-circuit-cylinder-3,3. Silindir ateşleme bobini primer/sekonder devre arızası,Ignition coil cylinder 3 primary/secondary circuit fault,Ateşleme Sistemi (Buji/Bobin),PASSENGER,1,1,1,P0353,SAE J2012 / ISO 14229
ignition-coil-circuit-cylinder-4,4. Silindir ateşleme bobini primer/sekonder devre arızası,Ignition coil cylinder 4 primary/secondary circuit fault,Ateşleme Sistemi (Buji/Bobin),PASSENGER,1,1,1,P0354,SAE J2012 / ISO 14229
ignition-coil-circuit-cylinder-5,5. Silindir ateşleme bobini primer/sekonder devre arızası,Ignition coil cylinder 5 primary/secondary circuit fault,Ateşleme Sistemi (Buji/Bobin),PASSENGER,1,1,1,P0355,SAE J2012 / ISO 14229
ignition-coil-circuit-cylinder-6,6. Silindir ateşleme bobini primer/sekonder devre arızası,Ignition coil cylinder 6 primary/secondary circuit fault,Ateşleme Sistemi (Buji/Bobin),PASSENGER,1,1,1,P0356,SAE J2012 / ISO 14229
ignition-coil-circuit-cylinder-7,7. Silindir ateşleme bobini primer/sekonder devre arızası,Ignition coil cylinder 7 primary/secondary circuit fault,Ateşleme Sistemi (Buji/Bobin),PASSENGER,1,1,1,P0357,SAE J2012 / ISO 14229
ignition-coil-circuit-cylinder-8,8. Silindir ateşleme bobini primer/sekonder devre arızası,Ignition coil cylinder 8 primary/secondary circuit fault,Ateşleme Sistemi (Buji/Bobin),PASSENGER,1,1,1,P0358,SAE J2012 / ISO 14229
wheel-speed-sensor-missing-fr,Sağ ön tekerlek hız sensörü sinyal kaybı / kesintisi,Wheel speed sensor front-right circuit open or erratic,Fren Sistemi & ABS/ESP,ALL,1,1,2,C0040;SPN 563,ECE R13-H / FMVSS 126
wheel-speed-sensor-missing-rl,Sol arka tekerlek hız sensörü sinyal kaybı / kesintisi,Wheel speed sensor rear-left circuit open or erratic,Fren Sistemi & ABS/ESP,ALL,1,1,2,C0045;SPN 563,ECE R13-H / FMVSS 126
wheel-speed-sensor-missing-rr,Sağ arka tekerlek hız sensörü sinyal kaybı / kesintisi,Wheel speed sensor rear-right circuit open or erratic,Fren Sistemi & ABS/ESP,ALL,1,1,2,C0050;SPN 563,ECE R13-H / FMVSS 126
tpms-sensor-battery-fl,Sol ön lastik basınç sensörü (TPMS) pil tükenmesi / sinyal yok,TPMS sensor front-left battery dead or signal missing,Lastik Basınç İzleme (TPMS),PASSENGER,1,1,1,C0750,FMVSS 138 / ECE R64
tpms-sensor-battery-fr,Sağ ön lastik basınç sensörü (TPMS) pil tükenmesi / sinyal yok,TPMS sensor front-right battery dead or signal missing,Lastik Basınç İzleme (TPMS),PASSENGER,1,1,1,C0755,FMVSS 138 / ECE R64
tpms-sensor-battery-rl,Sol arka lastik basınç sensörü (TPMS) pil tükenmesi / sinyal yok,TPMS sensor rear-left battery dead or signal missing,Lastik Basınç İzleme (TPMS),PASSENGER,1,1,1,C0760,FMVSS 138 / ECE R64
tpms-sensor-battery-rr,Sağ arka lastik basınç sensörü (TPMS) pil tükenmesi / sinyal yok,TPMS sensor rear-right battery dead or signal missing,Lastik Basınç İzleme (TPMS),PASSENGER,1,1,1,C0765,FMVSS 138 / ECE R64
transmission-gear-1-incorrect-ratio,Otomatik şanzıman 1. vites hatalı dişli oranı ve kaydırma,Transmission gear 1 incorrect ratio / slipping,Otomatik Şanzıman / TCU,ALL,1,1,1,P0731,SAE J2012 / ISO 14229
transmission-gear-2-incorrect-ratio,Otomatik şanzıman 2. vites hatalı dişli oranı ve kaydırma,Transmission gear 2 incorrect ratio / slipping,Otomatik Şanzıman / TCU,ALL,1,1,1,P0732,SAE J2012 / ISO 14229
transmission-gear-3-incorrect-ratio,Otomatik şanzıman 3. vites hatalı dişli oranı ve kaydırma,Transmission gear 3 incorrect ratio / slipping,Otomatik Şanzıman / TCU,ALL,1,1,1,P0733,SAE J2012 / ISO 14229
transmission-gear-4-incorrect-ratio,Otomatik şanzıman 4. vites hatalı dişli oranı ve kaydırma,Transmission gear 4 incorrect ratio / slipping,Otomatik Şanzıman / TCU,ALL,1,1,1,P0734,SAE J2012 / ISO 14229
transmission-gear-5-incorrect-ratio,Otomatik şanzıman 5. vites hatalı dişli oranı ve kaydırma,Transmission gear 5 incorrect ratio / slipping,Otomatik Şanzıman / TCU,ALL,1,1,1,P0735,SAE J2012 / ISO 14229
transmission-gear-6-incorrect-ratio,Otomatik şanzıman 6. vites hatalı dişli oranı ve kaydırma,Transmission gear 6 incorrect ratio / slipping,Otomatik Şanzıman / TCU,ALL,1,1,1,P0736,SAE J2012 / ISO 14229
transmission-shift-solenoid-b-electrical,Vites değiştirme selonoidi B devre arızası,Shift solenoid B electrical circuit malfunction,Otomatik Şanzıman / TCU,ALL,1,1,2,P0755;P0758,SAE J2012 / ISO 14229
transmission-shift-solenoid-c-electrical,Vites değiştirme selonoidi C devre arızası,Shift solenoid C electrical circuit malfunction,Otomatik Şanzıman / TCU,ALL,1,1,2,P0760;P0763,SAE J2012 / ISO 14229
transmission-pressure-control-solenoid-a,Hat basınç kontrol selonoidi A performans hatası (Aşırı sert vites geçişleri),Pressure control solenoid A performance / line pressure high,Otomatik Şanzıman / TCU,ALL,1,1,2,P0745;P0748,SAE J2012 / ISO 14229
ev-cell-overvoltage,Batarya hücre aşırı gerilimi (>4.25V) ve şarjın derhal durdurulması,HV battery cell overvoltage limit exceeded (>4.25V),Batarya Yönetim Sistemi (BMS),EV_HV,0,1,1,P0B27,UN R100 Rev 3 §5.1 / ISO 12405-4
ev-battery-cooling-pump-failure,Batarya soğutma sıvısı pompası arızası ve DC hızlı şarj kısıtlaması,HV battery thermal coolant pump failure / slow charging limit,Batarya Termal Yönetimi (TMS),EV_HV,1,1,1,P0A93,UN R100 / ISO 6469-1
ev-fast-charge-ccs-comm-timeout,CCS DC hızlı şarj PLC iletişim zaman aşımı (İstasyon araçla anlaşamıyor),CCS DC fast charging ISO 15118 / DIN 70121 PLC communication timeout,Şarj Sistemi & Port Kilidi,EV_HV,1,1,2,P0D59;U029B,ISO 15118-2 / DIN 70121
hd-service-brake-treadle-valve-leak,Çift devreli ayak fren pedal ventili (Treadle Valve) iç hava kaçağı,Dual circuit foot brake treadle valve internal air leak,Pnömatik Fren Sistemi (EBS),HEAVY_DUTY,1,1,2,SPN 1087;SPN 1088,ECE R13 / FMVSS 121
hd-j1939-backbone-termination-resistor-missing,J1939 omurga sonlandırma direnci kopukluğu (60 Ohm yerine 120 Ohm okunması),J1939 CAN backbone termination resistor open (120 Ohm instead of 60 Ohm),CAN Bus & Ağ İletişimi,HEAVY_DUTY,1,1,2,SPN 639;U0001,SAE J1939-11 / SAE J1939-15
hd-scr-tampering-tamper-detection,SCR emisyon manipülasyonu / AdBlue emülatörü / İptal tespiti,SCR emission system tampering / emulator detected / EGR blocked,Emisyon Ceza Yönetimi,HEAVY_DUTY,0,1,2,SPN 5246;SPN 4364,EPA HD-OBD / Euro VI Directive
hd-low-coolant-level-probe-fault,Motor soğutma sıvısı seviye probu arızası veya kireç kaplanması,Engine low coolant level probe circuit fault or scale buildup,Soğutma Sistemi,HEAVY_DUTY,1,1,1,SPN 111,SAE J1939-71
cam-position-sensor-bank1-intake,Eksantrik mili pozisyon sensörü devre arızası (Sıra 1 Emme),Camshaft position sensor circuit malfunction (Bank 1 Intake),Motor Mekanik & Supap Zamanlaması,PASSENGER,1,1,2,P0340;P0341,SAE J2012 / ISO 14229
o2-sensor-slow-response-bank1-sensor1,Ön oksijen sensörü (Lambda) yavaş tepki arızası (Yaşlanma / Kurumlanma),O2 sensor circuit slow response (Bank 1 Sensor 1),Egzoz Emisyon & O2 Sensörü,ALL,0,1,1,P0133,SAE J2012 / CARB OBD-II
evap-small-leak-detected,EVAP yakıt buharı sisteminde küçük kaçak (1.0 mm / 0.040 inç sızıntı),EVAP control system small leak detected (0.040 inch),EVAP Emisyon Sistemi,ALL,0,1,1,P0442,SAE J2012 / EPA OBD-II
brake-light-switch-rationality,Fren pedalı çift kontak anahtarı uyumsuzluğu (Hız sabitleyici çalışmıyor),Brake pedal switch rationality mismatch / cruise control disabled,Fren Sistemi & Gövde,ALL,1,1,2,P0504;P0571,FMVSS 108 / ECE R13-H
clutch-pedal-position-switch,Debriyaj pedal konum anahtarı arızası (Debriyaja basılsa da marş basmıyor),Clutch pedal position switch circuit malfunction / no start without clutch,Aktarma & Marş İzni,PASSENGER,1,1,1,P0704,SAE J2012 / ISO 14229
ambient-air-temperature-sensor,Dış ortam sıcaklık sensörü arızası (Göstergede -40°C veya +50°C gösterme),Ambient outside air temperature sensor circuit range / wrong climate display,Klima & İklimlendirme (HVAC),ALL,1,1,4,P0070;P0071;P0072;P0073,SAE J2012 / ISO 14229
fuel-pump-driver-module-offline,Elektronik yakıt pompası sürücü modülü (FPDM) iletişim kaybı / sıfır basınç,Fuel Pump Driver Module (FPDM) lost communication / no fuel pressure,Yakıt Besleme Sistemi,ALL,1,1,2,U0109;P0627,SAE J2012 / ISO 14229
