pid,pid_hex,name,description,formula,unit,min_value,max_value,ecu_header,service,manufacturer,vehicle_model,category,data_source,confidence
,,~Modifications by Jason Rapp for ABRP data contribution,~Modifications by Jason Rapp for ABRP data contribution,,,,,,,Hyundai/Kia/Genesis,Hyundai Kona EV & Kia Niro EV,general,torque_csv,community
0C,010C,ICE Actual RPM,ICE Actual RPM,(64*A) + (0.25*B),rpm,0.0,5000.0,7E0,01,Toyota,Toyota_Prius_Gen2,engine,torque_csv,community
C3,21C3,MG2 Revolution,MG2 Revolution,((256 * A) + B) - 16383,RPM,-2000.0,7000.0,7E2,21,Toyota,Toyota_Prius_Gen2,general,torque_csv,community
C4,21C4,Accelerator Pedal Angle,Accelerator Pedal Angle,0.392 * C,%,0.0,100.0,7E2,21,Toyota,Toyota_Prius_Gen2,general,torque_csv,community
CE,21CE,HV Battery State of Charge,HV Battery State of Charge,0.5 * A,%,40.0,80.0,7E3,21,Toyota,Toyota_Prius_Gen2,hv_battery,torque_csv,community
CF,21CF,HV Battery Air Intake Temp,HV Battery Air Intake Temp,(2.56 * A) + (0.01 * B) - 327.68,C,-327.0,327.0,7E3,21,Toyota,Toyota_Prius_Gen2,hv_battery,torque_csv,community
D0,21D0,Internal Resistance R01,Internal Resistance R01,0.001 * P,Ohm,0.0,10.0,7E3,21,Toyota,Toyota_Prius_Gen2,general,torque_csv,community
D3,21D3,Cruise Control Memory Vehicle SPD,Cruise Control Memory Vehicle SPD,A,km/h,0.0,150.0,7E2,21,Toyota,Toyota_Prius_Gen2,general,torque_csv,community
CD,21CD,ICE Actual Torque (lbs),ICE Actual Torque (lbs),(A-128) * 0.7376,lb-ft,0.0,82.0,7E0,21,Toyota,Toyota_Prius_Gen2,general,torque_csv,community
F3,21F3,Injection period of the No. 1 cylinder,Injection period of the No. 1 cylinder,C*0.128,ms,0.0,32.64,7E0,21,Toyota,Toyota_Prius_Gen2,engine,torque_csv,community
B7,01B7,Bat Auxiliary Battery Voltage,Bat Auxiliary Battery Voltage,(A)*(20)/(255),V,0.0,20.0,84D5F1,01,Toyota,Toyota_Prius_Gen1,hv_battery,torque_csv,community
CA,01CA,Bat Battery Block 1 Resistance,Bat Battery Block 1 Resistance,(A),mOhm,0.0,255.0,84D5F1,01,Toyota,Toyota_Prius_Gen1,hv_battery,torque_csv,community
A4,01A4,Bat Battery Block 1 Voltage,Bat Battery Block 1 Voltage,(256*A+B)/100,mV,0.0,20000.0,84D5F1,01,Toyota,Toyota_Prius_Gen1,hv_battery,torque_csv,community
CC,01CC,Bat Battery Block 10 Resistance,Bat Battery Block 10 Resistance,(B),mOhm,0.0,255.0,84D5F1,01,Toyota,Toyota_Prius_Gen1,hv_battery,torque_csv,community
A8,01A8,Bat Battery Block 10 Voltage,Bat Battery Block 10 Voltage,(256*C+D)*10,mV,0.0,20000.0,84D5F1,01,Toyota,Toyota_Prius_Gen1,hv_battery,torque_csv,community
A9,01A9,Bat Battery Block 11 Voltage,Bat Battery Block 11 Voltage,(256*A+B)*10,mV,0.0,20000.0,84D5F1,01,Toyota,Toyota_Prius_Gen1,hv_battery,torque_csv,community
CD,01CD,Bat Battery Block 13 Resistance,Bat Battery Block 13 Resistance,(A),mOhm,0.0,255.0,84D5F1,01,Toyota,Toyota_Prius_Gen1,hv_battery,torque_csv,community
AA,01AA,Bat Battery Block 13 Voltage,Bat Battery Block 13 Voltage,(256*A+B)*10,mV,0.0,20000.0,84D5F1,01,Toyota,Toyota_Prius_Gen1,hv_battery,torque_csv,community
AB,01AB,Bat Battery Block 15 Voltage,Bat Battery Block 15 Voltage,(256*A+B)*10,mV,0.0,20000.0,84D5F1,01,Toyota,Toyota_Prius_Gen1,hv_battery,torque_csv,community
CE,01CE,Bat Battery Block 17 Resistance,Bat Battery Block 17 Resistance,(A),mOhm,0.0,255.0,84D5F1,01,Toyota,Toyota_Prius_Gen1,hv_battery,torque_csv,community
AC,01AC,Bat Battery Block 17 Voltage,Bat Battery Block 17 Voltage,(256*A+B)*10,mV,0.0,20000.0,84D5F1,01,Toyota,Toyota_Prius_Gen1,hv_battery,torque_csv,community
AD,01AD,Bat Battery Block 19 Voltage,Bat Battery Block 19 Voltage,(256*A+B)*10,mV,0.0,20000.0,84D5F1,01,Toyota,Toyota_Prius_Gen1,hv_battery,torque_csv,community
A5,01A5,Bat Battery Block 3 Voltage,Bat Battery Block 3 Voltage,(256*A+B)*10,mV,0.0,20000.0,84D5F1,01,Toyota,Toyota_Prius_Gen1,hv_battery,torque_csv,community
CB,01CB,Bat Battery Block 5 Resistance,Bat Battery Block 5 Resistance,(A),mOhm,0.0,255.0,84D5F1,01,Toyota,Toyota_Prius_Gen1,hv_battery,torque_csv,community
A6,01A6,Bat Battery Block 5 Voltage,Bat Battery Block 5 Voltage,(256*A+B)*10,mV,0.0,20000.0,84D5F1,01,Toyota,Toyota_Prius_Gen1,hv_battery,torque_csv,community
A7,01A7,Bat Battery Block 7 Voltage,Bat Battery Block 7 Voltage,(256*A+B)*10,mV,0.0,20000.0,84D5F1,01,Toyota,Toyota_Prius_Gen1,hv_battery,torque_csv,community
B2,01B2,Bat Battery Inhaling Air Temperature,Bat Battery Inhaling Air Temperature,(A)+(-40),°C,-40.0,215.0,84D5F1,01,Toyota,Toyota_Prius_Gen1,hv_battery,torque_csv,community
D0,01D0,Bat Battery Temperature Sensor 1,Bat Battery Temperature Sensor 1,(A)+(-40),°C,-40.0,215.0,84D5F1,01,Toyota,Toyota_Prius_Gen1,hv_battery,torque_csv,community
D1,01D1,Bat Battery Temperature Sensor 4,Bat Battery Temperature Sensor 4,(A)+(-40),°C,-40.0,215.0,84D5F1,01,Toyota,Toyota_Prius_Gen1,hv_battery,torque_csv,community
99,0199,Bat DC Inhibit Time,Bat DC Inhibit Time,(256*A+B),,0.0,65535.0,84D5F1,01,Toyota,Toyota_Prius_Gen1,general,torque_csv,community
BC,01BC,Bat Delta State-of-Charge,Bat Delta State-of-Charge,(A)*(5),[ppth],0.0,1275.0,84D5F1,01,Toyota,Toyota_Prius_Gen1,hv_battery,torque_csv,community
AF,01AF,Bat Highest Battery Block Number,Bat Highest Battery Block Number,(C),,0.0,255.0,84D5F1,01,Toyota,Toyota_Prius_Gen1,hv_battery,torque_csv,community
A3,01A3,Bat HV Battery Current,Bat HV Battery Current,(-128)+(256*A+B)/(100),A,-128.0,528.0,84D5F1,01,Toyota,Toyota_Prius_Gen1,hv_battery,torque_csv,community
9B,019B,Bat Ignition Off Time,Bat Ignition Off Time,(256*A+B),h,0.0,65535.0,84D5F1,01,Toyota,Toyota_Prius_Gen1,general,torque_csv,community
AE,01AE,Bat Lowest Battery Block Number,Bat Lowest Battery Block Number,(C),,0.0,255.0,84D5F1,01,Toyota,Toyota_Prius_Gen1,hv_battery,torque_csv,community
B4,01B4,Bat Main Battery high time,Bat Main Battery high time,(256*A+B),,0.0,65535.0,84D5F1,01,Toyota,Toyota_Prius_Gen1,hv_battery,torque_csv,community
97,0197,Bat Main Battery low time,Bat Main Battery low time,(256*A+B),,0.0,65535.0,84D5F1,01,Toyota,Toyota_Prius_Gen1,hv_battery,torque_csv,community
9C,019C,Bat No. of Battery DTCs,Bat No. of Battery DTCs,(256*A+B),,0.0,65535.0,84D5F1,01,Toyota,Toyota_Prius_Gen1,hv_battery,torque_csv,community
91,0191,Bat State-of-Charge,Bat State-of-Charge,(A)/(2),%,0.0,125.0,84D5F1,01,Toyota,Toyota_Prius_Gen1,hv_battery,torque_csv,community
E9,01E9,EN Abnormal Revolution Variation Cyl 1,EN Abnormal Revolution Variation Cyl 1,(A),%,0.0,255.0,8410F1,01,Toyota,Toyota_Prius_Gen1,general,torque_csv,community
10,0110,EN Air Flow rate into Engine,EN Air Flow rate into Engine,(256*A+B),cg/s,0.0,65535.0,8410F1,01,Toyota,Toyota_Prius_Gen1,engine,torque_csv,community
04,0104,EN Calculated Load,EN Calculated Load,(A)*(20)/(51),%,0.0,100.0,8410F1,01,Toyota,Toyota_Prius_Gen1,general,torque_csv,community
05,0105,EN Engine Coolant Temperature,EN Engine Coolant Temperature,(A)+(-40),°C,-40.0,130.0,8410F1,01,Toyota,Toyota_Prius_Gen1,engine,torque_csv,community
0C,010C,EN Engine Speed,EN Engine Speed,(256*A+B)/(4),rpm,0.0,7000.0,8410F1,01,Toyota,Toyota_Prius_Gen1,engine,torque_csv,community
E4,01E4,EN Fuel Injection time for cyl #1,EN Fuel Injection time for cyl #1,(A)*(25)/(200),ms,0.0,32.0,8410F1,01,Toyota,Toyota_Prius_Gen1,engine,torque_csv,community
03,0103,EN Fuel system status #1,EN Fuel system status #1,(A),,0.0,255.0,8410F1,01,Toyota,Toyota_Prius_Gen1,fuel,torque_csv,community
0E,010E,EN Ignition Advance,EN Ignition Advance,(A)*(5)+(-640),deg/10{btdc},-640.0,635.0,8410F1,01,Toyota,Toyota_Prius_Gen1,general,torque_csv,community
0F,010F,EN Intake Air Temperature,EN Intake Air Temperature,(A)+(-40),°C,-40.0,215.0,8410F1,01,Toyota,Toyota_Prius_Gen1,engine,torque_csv,community
07,0107,EN Long term fuel % trim—Bank 1,EN Long term fuel % trim—Bank 1,(A)*(25)/(32)+(-100),%,-100.0,100.0,8410F1,01,Toyota,Toyota_Prius_Gen1,fuel,torque_csv,community
01,0101,EN MIL illumination,EN MIL illumination,({A:7}),,0.0,1.0,8410F1,01,Toyota,Toyota_Prius_Gen1,general,torque_csv,community
14,0114,"EN O2 Fuel Trim, Bank1 Sensor1","EN O2 Fuel Trim, Bank1 Sensor1",(B)*(25)/(32)+(-100),%,-100.0,100.0,8410F1,01,Toyota,Toyota_Prius_Gen1,fuel,torque_csv,community
15,0115,"EN O2 Fuel Trim, Bank1 Sensor2","EN O2 Fuel Trim, Bank1 Sensor2",(B)*(25)/(32)+(-100),%,-100.0,100.0,8410F1,01,Toyota,Toyota_Prius_Gen1,fuel,torque_csv,community
1C,011C,EN OBD standards this vehicle conforms to,EN OBD standards this vehicle conforms to,(A),,0.0,255.0,8410F1,01,Toyota,Toyota_Prius_Gen1,general,torque_csv,community
13,0113,EN Oxygen sensors present,EN Oxygen sensors present,(A),,0.0,255.0,8410F1,01,Toyota,Toyota_Prius_Gen1,general,torque_csv,community
06,0106,EN Short term fuel % trim-Bank 1,EN Short term fuel % trim-Bank 1,(A)*(25)/(32)+(-100),%,-100.0,100.0,8410F1,01,Toyota,Toyota_Prius_Gen1,fuel,torque_csv,community
11,0111,EN Throttle Position,EN Throttle Position,(A)*(20)/(51),%,0.0,100.0,8410F1,01,Toyota,Toyota_Prius_Gen1,engine,torque_csv,community
0D,010D,EN Vehicle Speed,EN Vehicle Speed,(A),km/h,0.0,255.0,8410F1,01,Toyota,Toyota_Prius_Gen1,general,torque_csv,community
D5,01D5,HV Accelerator pedal Sensor Main,HV Accelerator pedal Sensor Main,(A)/(50),V,0.0,5.1,8416F1,01,Toyota,Toyota_Prius_Gen1,general,torque_csv,community
D8,01D8,HV Auxiliary Battery Voltage,HV Auxiliary Battery Voltage,(A)*(20)/(255),V,0.0,20.0,8416F1,01,Toyota,Toyota_Prius_Gen1,hv_battery,torque_csv,community
D6,01D6,HV Battery Cell Temperature Max,HV Battery Cell Temperature Max,(SIGNED(A)),°C,-128.0,127.0,8416F1,01,Toyota,Toyota_Prius_Gen1,hv_battery,torque_csv,community
CB,01CB,HV Discharge Request to adj. SoC,HV Discharge Request to adj. SoC,(256*A+B)/(10),daW,0.0,6554.0,8416F1,01,Toyota,Toyota_Prius_Gen1,hv_battery,torque_csv,community
21,0121,HV Distance traveled with MIL on,HV Distance traveled with MIL on,(256*A+B),km,0.0,65535.0,8416F1,01,Toyota,Toyota_Prius_Gen1,general,torque_csv,community
CC,01CC,HV Drive Situation ID,HV Drive Situation ID,(A),,0.0,255.0,8416F1,01,Toyota,Toyota_Prius_Gen1,general,torque_csv,community
05,0105,HV Engine Coolant Temperature,HV Engine Coolant Temperature,(A)+(-40),°C,-40.0,215.0,8416F1,01,Toyota,Toyota_Prius_Gen1,engine,torque_csv,community
0C,010C,HV Engine Speed,HV Engine Speed,(256*A+B)/(4),rpm,0.0,7000.0,8416F1,01,Toyota,Toyota_Prius_Gen1,engine,torque_csv,community
C7,01C7,HV Engine Speed (similar to RPM),HV Engine Speed (similar to RPM),(256*A+B),rpm,0.0,65535.0,8416F1,01,Toyota,Toyota_Prius_Gen1,engine,torque_csv,community
D0,01D0,HV Generator Current V,HV Generator Current V,(SIGNED(A)*256+B),A,-32768.0,32767.0,8416F1,01,Toyota,Toyota_Prius_Gen1,general,torque_csv,community
D2,01D2,HV HV Battery Current,HV HV Battery Current,(SIGNED(A)*256+B)*(2),A,-100.0,100.0,8416F1,01,Toyota,Toyota_Prius_Gen1,hv_battery,torque_csv,community
D1,01D1,HV HV Battery Voltage,HV HV Battery Voltage,(A)*(2),V,200.0,400.0,8416F1,01,Toyota,Toyota_Prius_Gen1,hv_battery,torque_csv,community
AA,01AA,HV INFO. Code 1,HV INFO. Code 1,(256*A+B),,0.0,65535.0,8416F1,01,Toyota,Toyota_Prius_Gen1,general,torque_csv,community
B1,01B1,HV INFO. Code 2,HV INFO. Code 2,(256*A+B),,0.0,65535.0,8416F1,01,Toyota,Toyota_Prius_Gen1,general,torque_csv,community
B7,01B7,HV INFO. Code 3,HV INFO. Code 3,(256*A+B),,0.0,65535.0,8416F1,01,Toyota,Toyota_Prius_Gen1,general,torque_csv,community
BD,01BD,HV INFO. Code 4,HV INFO. Code 4,(256*A+B),,0.0,65535.0,8416F1,01,Toyota,Toyota_Prius_Gen1,general,torque_csv,community
DF,01DF,HV INFO. Code 5,HV INFO. Code 5,(256*A+B),,0.0,65535.0,8416F1,01,Toyota,Toyota_Prius_Gen1,general,torque_csv,community
0F,010F,HV Intake Air Temperature,HV Intake Air Temperature,(A)+(-40),°C,-40.0,215.0,8416F1,01,Toyota,Toyota_Prius_Gen1,engine,torque_csv,community
C8,01C8,HV Master Cylinder Control Torque,HV Master Cylinder Control Torque,(SIGNED(A)*256+B)*(4),Nm,-131072.0,131068.0,8416F1,01,Toyota,Toyota_Prius_Gen1,general,torque_csv,community
CD,01CD,HV MG1 Inverter Temperature,HV MG1 Inverter Temperature,(A)+(-50),°C,-50.0,205.0,8416F1,01,Toyota,Toyota_Prius_Gen1,general,torque_csv,community
C4,01C4,HV MG1 RPM,HV MG1 RPM,(SIGNED(A)*256+B),rpm,-10000.0,10000.0,8416F1,01,Toyota,Toyota_Prius_Gen1,engine,torque_csv,community
CE,01CE,HV MG1 Temperature,HV MG1 Temperature,(A)+(-50),°C,-50.0,205.0,8416F1,01,Toyota,Toyota_Prius_Gen1,general,torque_csv,community
C2,01C2,HV MG2 RPM,HV MG2 RPM,(SIGNED(A)*256+B),rpm,-10000.0,10000.0,8416F1,01,Toyota,Toyota_Prius_Gen1,engine,torque_csv,community
CF,01CF,HV Motor Current V,HV Motor Current V,(SIGNED(A)*256+B),A,-100.0,100.0,8416F1,01,Toyota,Toyota_Prius_Gen1,general,torque_csv,community
C3,01C3,HV Regen Brake Execution Torque,HV Regen Brake Execution Torque,(A),Nm,0.0,255.0,8416F1,01,Toyota,Toyota_Prius_Gen1,emission,torque_csv,community
C5,01C5,HV Request Engine Power,HV Request Engine Power,(256*A+B),daW,0.0,65535.0,8416F1,01,Toyota,Toyota_Prius_Gen1,engine,torque_csv,community
D4,01D4,HV Shift Sensor 1 (position),HV Shift Sensor 1 (position),(A),,0.0,255.0,8416F1,01,Toyota,Toyota_Prius_Gen1,transmission,torque_csv,community
D3,01D3,HV Shift Sensor 2,HV Shift Sensor 2,(256*A+B)/(50),V,0.0,6.0,8416F1,01,Toyota,Toyota_Prius_Gen1,transmission,torque_csv,community
C9,01C9,HV State-of-Charge,HV State-of-Charge,(A)*(100)/(255),%,0.0,100.0,8416F1,01,Toyota,Toyota_Prius_Gen1,hv_battery,torque_csv,community
C6,01C6,HV Target Engine Revolution,HV Target Engine Revolution,(256*A+B),rpm,0.0,7000.0,8416F1,01,Toyota,Toyota_Prius_Gen1,engine,torque_csv,community
0D,010D,HV Vehicle Speed,HV Vehicle Speed,(A),km/h,0.0,255.0,8416F1,01,Toyota,Toyota_Prius_Gen1,general,torque_csv,community
D7,01D7,HV Vehicle Speed (Similar to KPH),HV Vehicle Speed (Similar to KPH),(A)*(2),km/h,0.0,510.0,8416F1,01,Toyota,Toyota_Prius_Gen1,general,torque_csv,community
CA,01CA,HV WIN Control Power,HV WIN Control Power,(B)*(8)/(5)+(-408),hW,-408.0,0.0,8416F1,01,Toyota,Toyota_Prius_Gen1,general,torque_csv,community
2813,2813,Actual Boost Pressure,Turbocharger actual boost pressure (kPa),(A*256+B)*0.0078125,kPa,0,255,7E0,22,Ford,,engine,curated_expert,high
1E16,1E16,DPF Soot Load,Diesel Particulate Filter soot loading (grams),(A*256+B)*0.01,g,0,100,7E0,22,Ford,,emission,curated_expert,high
1E1A,1E1A,DPF Differential Pressure,Pressure difference across the DPF (kPa),(A*256+B)*0.01,kPa,0,50,7E0,22,Ford,,emission,curated_expert,high
1E23,1E23,DPF Regeneration Status,DPF active regeneration status flag,A,flag,0,1,7E0,22,Ford,,emission,curated_expert,high
4028,4028,Battery SoC (IPC),12V battery state of charge shown on instrument panel,A,%,0,100,7E0,22,Ford,,electrical,curated_expert,high
DD01,DD01,Oil Life Remaining,Engine oil life remaining percentage,A*100/255,%,0,100,7E0,22,Ford,,maintenance,curated_expert,high
0104,0104,Intake Air Temperature 2,Secondary intake air temperature sensor,A-40,°C,-40,215,7E0,22,GM,,engine,curated_expert,high
1940,1940,Transmission Fluid Temperature,Automatic transmission fluid temperature,A-40,°C,-40,215,7E1,22,GM,,transmission,curated_expert,high
0176,0176,Ethanol Fuel Percentage,Flex-fuel ethanol content sensor reading,A*100/255,%,0,100,7E0,22,GM,,fuel,curated_expert,high
124D,124D,AC Refrigerant Pressure,A/C high-side refrigerant pressure,(A*256+B)*0.001,bar,0,40,7E0,22,GM,,hvac,curated_expert,high
7CE1,7CE1,HV Battery SoC,High-voltage battery state of charge,A*100/255,%,0,100,7E3,22,Toyota,,hv_battery,curated_expert,high
7CE4,7CE4,HV Battery Temperature,High-voltage battery pack temperature,A-40,°C,-40,80,7E3,22,Toyota,,hv_battery,curated_expert,high
7CE3,7CE3,HV Battery Current,High-voltage battery current (positive=charge),((A*256+B)-32768)*0.01,A,-300,300,7E3,22,Toyota,,hv_battery,curated_expert,high
7CE2,7CE2,HV Battery Voltage,High-voltage battery pack voltage,(A*256+B)*0.01,V,0,350,7E3,22,Toyota,,hv_battery,curated_expert,high
F40C,F40C,DPF Soot Mass,Diesel particulate filter soot mass,(A*256+B)*0.01,g,0,100,7E0,22,VAG,,emission,curated_expert,high
F40D,F40D,DPF Regeneration Distance,Distance since last DPF regeneration,(A*256+B),km,0,2000,7E0,22,VAG,,emission,curated_expert,high
2031,2031,Turbo Boost Deviation,Deviation between target and actual boost pressure,((A*256+B)-32768)*0.001,bar,-1,1,7E0,22,VAG,,engine,curated_expert,high
2101,2101,HV Battery Module Temperatures,Battery management system module temperatures,A-40,°C,-40,80,7E4,22,Hyundai/Kia,,hv_battery,curated_expert,high
2105,2105,HV Battery Cell Voltages,Individual cell voltage readings from BMS,(A*256+B)*0.001,V,2.5,4.2,7E4,22,Hyundai/Kia,,hv_battery,curated_expert,high
D100,D100,Engine Oil Temperature,Engine oil sump temperature,A-40,°C,-40,180,7E0,22,BMW,,engine,curated_expert,high
D10A,D10A,Charge Air Pressure,Turbocharger charge air pressure,(A*256+B)*0.01,mbar,0,3000,7E0,22,BMW,,engine,curated_expert,high
1203,1203,HV Battery SoH,High-voltage battery state of health,A*100/255,%,0,100,79B,22,Nissan,,hv_battery,curated_expert,high
0,00,PIDs supported [01-20],,,bitmap,,,,01,,,standard,obdex,standard
11,0B,Intake manifold absolute pressure,,A,kPa,,,,01,,,standard,obdex,standard
47,2F,Fuel tank level,,100/255 * A,%,,,,01,,,standard,obdex,standard
92,5C,Engine oil temperature,,A - 40,°C,,,,01,,,standard,obdex,standard
2,02,Freeze DTC (DTC that triggered freeze frame),,,dtc,,,,01,,,standard,obdex,standard
8,08,Short term fuel trim — Bank 2,,100/128 * A - 100,%,,,,01,,,standard,obdex,standard
9,09,Long term fuel trim — Bank 2,,100/128 * A - 100,%,,,,01,,,standard,obdex,standard
10,0A,Fuel pressure (gauge pressure),,3 * A,kPa,,,,01,,,standard,obdex,standard
18,12,Commanded secondary air status,,,encoded,,,,01,,,standard,obdex,standard
22,16,Oxygen sensor 3 (Bank 1 Sensor 3) — voltage and short term fuel trim,,A/200 (voltage); 100/128 * B - 100 (trim),V; %,,,,01,,,standard,obdex,standard
23,17,Oxygen sensor 4 (Bank 1 Sensor 4) — voltage and short term fuel trim,,A/200 (voltage); 100/128 * B - 100 (trim),V; %,,,,01,,,standard,obdex,standard
24,18,Oxygen sensor 5 (Bank 2 Sensor 1) — voltage and short term fuel trim,,A/200 (voltage); 100/128 * B - 100 (trim),V; %,,,,01,,,standard,obdex,standard
25,19,Oxygen sensor 6 (Bank 2 Sensor 2) — voltage and short term fuel trim,,A/200 (voltage); 100/128 * B - 100 (trim),V; %,,,,01,,,standard,obdex,standard
26,1A,Oxygen sensor 7 (Bank 2 Sensor 3) — voltage and short term fuel trim,,A/200 (voltage); 100/128 * B - 100 (trim),V; %,,,,01,,,standard,obdex,standard
27,1B,Oxygen sensor 8 (Bank 2 Sensor 4) — voltage and short term fuel trim,,A/200 (voltage); 100/128 * B - 100 (trim),V; %,,,,01,,,standard,obdex,standard
29,1D,"Oxygen sensors present (in 4 banks, 2 bits per bank)",,,bitmap,,,,01,,,standard,obdex,standard
30,1E,Auxiliary input status (PTO),,,bitmap,,,,01,,,standard,obdex,standard
31,1F,Run time since engine start,,256 * A + B,s,,,,01,,,standard,obdex,standard
32,20,PIDs supported [21-40],,,bitmap,,,,01,,,standard,obdex,standard
34,22,Fuel rail pressure (relative to manifold vacuum),,0.079 * (256 * A + B),kPa,,,,01,,,standard,obdex,standard
35,23,Fuel rail gauge pressure (diesel or petrol direct injection),,10 * (256 * A + B),kPa,,,,01,,,standard,obdex,standard
36,24,Oxygen sensor 1 (Bank 1 Sensor 1) — air-fuel equivalence ratio (lambda) and voltage,,(2/65536) * (256*A + B) (lambda); (8/65536) * (256*C + D) (voltage),ratio; V,,,,01,,,standard,obdex,standard
37,25,Oxygen sensor 2 (Bank 1 Sensor 2) — air-fuel equivalence ratio and voltage,,(2/65536) * (256*A + B) (lambda); (8/65536) * (256*C + D) (voltage),ratio; V,,,,01,,,standard,obdex,standard
38,26,Oxygen sensor 3 (Bank 1 Sensor 3) — air-fuel equivalence ratio and voltage,,(2/65536) * (256*A + B) (lambda); (8/65536) * (256*C + D) (voltage),ratio; V,,,,01,,,standard,obdex,standard
39,27,Oxygen sensor 4 (Bank 1 Sensor 4) — air-fuel equivalence ratio and voltage,,(2/65536) * (256*A + B) (lambda); (8/65536) * (256*C + D) (voltage),ratio; V,,,,01,,,standard,obdex,standard
40,28,Oxygen sensor 5 (Bank 2 Sensor 1) — air-fuel equivalence ratio and voltage,,(2/65536) * (256*A + B) (lambda); (8/65536) * (256*C + D) (voltage),ratio; V,,,,01,,,standard,obdex,standard
41,29,Oxygen sensor 6 (Bank 2 Sensor 2) — air-fuel equivalence ratio and voltage,,(2/65536) * (256*A + B) (lambda); (8/65536) * (256*C + D) (voltage),ratio; V,,,,01,,,standard,obdex,standard
42,2A,Oxygen sensor 7 (Bank 2 Sensor 3) — air-fuel equivalence ratio and voltage,,(2/65536) * (256*A + B) (lambda); (8/65536) * (256*C + D) (voltage),ratio; V,,,,01,,,standard,obdex,standard
43,2B,Oxygen sensor 8 (Bank 2 Sensor 4) — air-fuel equivalence ratio and voltage,,(2/65536) * (256*A + B) (lambda); (8/65536) * (256*C + D) (voltage),ratio; V,,,,01,,,standard,obdex,standard
44,2C,Commanded EGR,,100/255 * A,%,,,,01,,,standard,obdex,standard
45,2D,EGR Error,,100/128 * A - 100,%,,,,01,,,standard,obdex,standard
46,2E,Commanded evaporative purge,,100/255 * A,%,,,,01,,,standard,obdex,standard
48,30,Warm-ups since codes cleared,,A,count,,,,01,,,standard,obdex,standard
49,31,Distance traveled since codes cleared,,256 * A + B,km,,,,01,,,standard,obdex,standard
50,32,Evaporative system vapor pressure,,((256*A + B) / 4) - 8192,Pa,,,,01,,,standard,obdex,standard
51,33,Absolute barometric pressure,,A,kPa,,,,01,,,standard,obdex,standard
52,34,Oxygen sensor 1 (Bank 1 Sensor 1) — air-fuel equivalence ratio and current,,"(2/65536) * (256*A + B) (lambda); (256*C + D)/256 - 128 (current, mA)",ratio; mA,,,,01,,,standard,obdex,standard
53,35,Oxygen sensor 2 (Bank 1 Sensor 2) — air-fuel equivalence ratio and current,,"(2/65536) * (256*A + B) (lambda); (256*C + D)/256 - 128 (current, mA)",ratio; mA,,,,01,,,standard,obdex,standard
54,36,Oxygen sensor 3 (Bank 1 Sensor 3) — air-fuel equivalence ratio and current,,"(2/65536) * (256*A + B) (lambda); (256*C + D)/256 - 128 (current, mA)",ratio; mA,,,,01,,,standard,obdex,standard
55,37,Oxygen sensor 4 (Bank 1 Sensor 4) — air-fuel equivalence ratio and current,,"(2/65536) * (256*A + B) (lambda); (256*C + D)/256 - 128 (current, mA)",ratio; mA,,,,01,,,standard,obdex,standard
56,38,Oxygen sensor 5 (Bank 2 Sensor 1) — air-fuel equivalence ratio and current,,"(2/65536) * (256*A + B) (lambda); (256*C + D)/256 - 128 (current, mA)",ratio; mA,,,,01,,,standard,obdex,standard
57,39,Oxygen sensor 6 (Bank 2 Sensor 2) — air-fuel equivalence ratio and current,,"(2/65536) * (256*A + B) (lambda); (256*C + D)/256 - 128 (current, mA)",ratio; mA,,,,01,,,standard,obdex,standard
58,3A,Oxygen sensor 7 (Bank 2 Sensor 3) — air-fuel equivalence ratio and current,,"(2/65536) * (256*A + B) (lambda); (256*C + D)/256 - 128 (current, mA)",ratio; mA,,,,01,,,standard,obdex,standard
59,3B,Oxygen sensor 8 (Bank 2 Sensor 4) — air-fuel equivalence ratio and current,,"(2/65536) * (256*A + B) (lambda); (256*C + D)/256 - 128 (current, mA)",ratio; mA,,,,01,,,standard,obdex,standard
60,3C,"Catalyst temperature — Bank 1, Sensor 1",,(256*A + B) / 10 - 40,°C,,,,01,,,standard,obdex,standard
61,3D,"Catalyst temperature — Bank 2, Sensor 1",,(256*A + B) / 10 - 40,°C,,,,01,,,standard,obdex,standard
62,3E,"Catalyst temperature — Bank 1, Sensor 2",,(256*A + B) / 10 - 40,°C,,,,01,,,standard,obdex,standard
63,3F,"Catalyst temperature — Bank 2, Sensor 2",,(256*A + B) / 10 - 40,°C,,,,01,,,standard,obdex,standard
64,40,PIDs supported [41-60],,,bitmap,,,,01,,,standard,obdex,standard
65,41,Monitor status this drive cycle,,,bitmap,,,,01,,,standard,obdex,standard
66,42,Control module voltage,,(256*A + B) / 1000,V,,,,01,,,standard,obdex,standard
67,43,Absolute load value,,100/255 * (256*A + B),%,,,,01,,,standard,obdex,standard
68,44,Commanded air-fuel equivalence ratio (lambda),,(2 / 65536) * (256*A + B),ratio,,,,01,,,standard,obdex,standard
69,45,Relative throttle position,,100/255 * A,%,,,,01,,,standard,obdex,standard
70,46,Ambient air temperature,,A - 40,°C,,,,01,,,standard,obdex,standard
71,47,Absolute throttle position B,,100/255 * A,%,,,,01,,,standard,obdex,standard
72,48,Absolute throttle position C,,100/255 * A,%,,,,01,,,standard,obdex,standard
73,49,Accelerator pedal position D,,100/255 * A,%,,,,01,,,standard,obdex,standard
74,4A,Accelerator pedal position E,,100/255 * A,%,,,,01,,,standard,obdex,standard
75,4B,Accelerator pedal position F,,100/255 * A,%,,,,01,,,standard,obdex,standard
76,4C,Commanded throttle actuator,,100/255 * A,%,,,,01,,,standard,obdex,standard
77,4D,Time run with MIL on,,256*A + B,min,,,,01,,,standard,obdex,standard
78,4E,Time since trouble codes cleared,,256*A + B,min,,,,01,,,standard,obdex,standard
79,4F,"Maximum value for fuel-air equivalence ratio, oxygen sensor voltage, oxygen sensor current, intake manifold absolute pressure",,,encoded,,,,01,,,standard,obdex,standard
80,50,"Maximum value for air flow rate from mass air flow sensor (only A used; B, C, D reserved)",,A * 10,g/s,,,,01,,,standard,obdex,standard
81,51,Fuel type,,,encoded,,,,01,,,standard,obdex,standard
82,52,Ethanol fuel percentage,,100/255 * A,%,,,,01,,,standard,obdex,standard
83,53,Absolute evaporative system vapor pressure,,(256*A + B) / 200,kPa,,,,01,,,standard,obdex,standard
84,54,Evaporative system vapor pressure (signed),,(256*A + B) - 32767,Pa,,,,01,,,standard,obdex,standard
85,55,Short term secondary oxygen sensor trim — Bank 1 (A) and Bank 3 (B),,100/128 * A - 100 (Bank 1); 100/128 * B - 100 (Bank 3),%,,,,01,,,standard,obdex,standard
86,56,Long term secondary oxygen sensor trim — Bank 1 (A) and Bank 3 (B),,100/128 * A - 100 (Bank 1); 100/128 * B - 100 (Bank 3),%,,,,01,,,standard,obdex,standard
87,57,Short term secondary oxygen sensor trim — Bank 2 (A) and Bank 4 (B),,100/128 * A - 100 (Bank 2); 100/128 * B - 100 (Bank 4),%,,,,01,,,standard,obdex,standard
88,58,Long term secondary oxygen sensor trim — Bank 2 (A) and Bank 4 (B),,100/128 * A - 100 (Bank 2); 100/128 * B - 100 (Bank 4),%,,,,01,,,standard,obdex,standard
89,59,Fuel rail absolute pressure,,10 * (256*A + B),kPa,,,,01,,,standard,obdex,standard
90,5A,Relative accelerator pedal position,,100/255 * A,%,,,,01,,,standard,obdex,standard
91,5B,Hybrid battery pack remaining life,,100/255 * A,%,,,,01,,,standard,obdex,standard
93,5D,Fuel injection timing,,((256*A + B) - 26880) / 128,°,,,,01,,,standard,obdex,standard
94,5E,Engine fuel rate,,(256*A + B) / 20,L/h,,,,01,,,standard,obdex,standard
95,5F,Emission requirements to which vehicle is designed,,,encoded,,,,01,,,standard,obdex,standard
96,60,PIDs supported [61-80],,,bitmap,,,,01,,,standard,obdex,standard
97,61,Driver's demand engine percent torque,,A - 125,%,,,,01,,,standard,obdex,standard
98,62,Actual engine percent torque,,A - 125,%,,,,01,,,standard,obdex,standard
99,63,Engine reference torque,,256*A + B,Nm,,,,01,,,standard,obdex,standard
100,64,"Engine percent torque at five engine points (idle, peak, reference points)",,A - 125 (idle); B - 125 (point2); C - 125 (point3); D - 125 (point4); E - 125 (point5),%,,,,01,,,standard,obdex,standard
101,65,Auxiliary input/output supported,,,bitmap,,,,01,,,standard,obdex,standard
102,66,Mass air flow sensor (A and B),,((256*B + C) / 32) (sensor A); ((256*D + E) / 32) (sensor B),g/s,,,,01,,,standard,obdex,standard
103,67,Engine coolant temperature (sensor 1 and sensor 2),,B - 40 (sensor 1); C - 40 (sensor 2),°C,,,,01,,,standard,obdex,standard
104,68,"Intake air temperature sensor (multiple, with bitfield support indicator)",,,encoded,,,,01,,,standard,obdex,standard
120,78,"Exhaust gas temperature (EGT) — Bank 1, sensors 1-4",,((256*B + C)/10) - 40 (sensor 1); ((256*D + E)/10) - 40 (sensor 2); ((256*F + G)/10) - 40 (sensor 3); ((256*H + I)/10) - 40 (sensor 4),°C,,,,01,,,standard,obdex,standard
121,79,"Exhaust gas temperature (EGT) — Bank 2, sensors 1-4",,((256*B + C)/10) - 40 (sensor 1); ((256*D + E)/10) - 40 (sensor 2); ((256*F + G)/10) - 40 (sensor 3); ((256*H + I)/10) - 40 (sensor 4),°C,,,,01,,,standard,obdex,standard
124,7C,Diesel particulate filter (DPF) temperature,,,encoded,,,,01,,,standard,obdex,standard
125,7D,NOx NTE (Not-To-Exceed) control area status,,,encoded,,,,01,,,standard,obdex,standard
126,7E,PM NTE (Not-To-Exceed) control area status,,,encoded,,,,01,,,standard,obdex,standard
128,80,PIDs supported [81-A0],,,bitmap,,,,01,,,standard,obdex,standard
131,83,"NOx sensor (concentration, supported sensors)",,,encoded,,,,01,,,standard,obdex,standard
132,84,Manifold surface temperature,,A - 40,°C,,,,01,,,standard,obdex,standard
142,8E,Engine friction percent torque,,A - 125,%,,,,01,,,standard,obdex,standard
157,9D,"Engine fuel rate (engine and vehicle, in g/s)",,(256*A + B) / 50 (engine fuel rate); (256*C + D) / 50 (vehicle fuel rate),g/s,,,,01,,,standard,obdex,standard
158,9E,Engine exhaust flow rate,,(256*A + B) / 5,g/s,,,,01,,,standard,obdex,standard
160,A0,PIDs supported [A1-C0],,,bitmap,,,,01,,,standard,obdex,standard
162,A2,Cylinder fuel rate,,(256*A + B) / 32,mg/stroke,,,,01,,,standard,obdex,standard
2,02,Vehicle Identification Number (VIN),,,ascii,,,,09,,,standard,obdex,standard
4,04,Calibration ID,,,ascii,,,,09,,,standard,obdex,standard
6,06,Calibration Verification Number (CVN),,,hex,,,,09,,,standard,obdex,standard
10,0A,ECU name,,,ascii,,,,09,,,standard,obdex,standard
0,00,Mode 9 PIDs supported [01-20],,,bitmap,,,,09,,,standard,obdex,standard
1,01,VIN message count (for protocols requiring multi-message VIN),,A,count,,,,09,,,standard,obdex,standard
3,03,Calibration ID message count,,A,count,,,,09,,,standard,obdex,standard
5,05,Calibration verification number (CVN) message count,,A,count,,,,09,,,standard,obdex,standard
7,07,In-use performance tracking message count,,A,count,,,,09,,,standard,obdex,standard
8,08,In-use performance tracking for spark ignition vehicles (16 counter pairs),,,encoded,,,,09,,,standard,obdex,standard
11,0B,In-use performance tracking for compression ignition (diesel) vehicles,,,encoded,,,,09,,,standard,obdex,standard
13,0D,Engine serial number (ESN),,,ascii,,,,09,,,standard,obdex,standard
14,0E,Exhaust regulation / type approval number,,,ascii,,,,09,,,standard,obdex,standard
